,heart_rate,glucose_level,bmi,hemoglobin,cholesterol
count,50000.0,50000.0,50000.0,50000.0,50000.0
mean,80.02992,135.22068,26.501088000000003,13.49721,214.6121
std,11.82223075804411,37.74782534536272,4.90431763478722,2.0228000025452557,37.809508655480975
min,60.0,70.0,18.0,10.0,150.0
25%,70.0,103.0,22.3,11.7,182.0
50%,80.0,135.0,26.5,13.5,215.0
75%,90.0,168.0,30.8,15.3,247.0
max,100.0,200.0,35.0,17.0,280.0
